Frq;Ch1Mag;Ch2Mag;Ch2Phase
10.00000000000001;-0.01796746748819236;-0.002082458026166651;-0.7222444843027631
10.06931668851806;-0.01806123237728873;-0.0018406436192141;-0.7255407632486452
10.1391138573668;-0.01826504616661001;-0.001622793543118552;-0.7314448771062985
10.20939483707681;-0.01783132890209542;-0.001685018355947458;-0.7371053511474912
10.28016298126474;-0.0182049704658701;-0.001468572656257222;-0.7424677648943643
10.35142166679345;-0.01817162972472997;-0.001556203239902713;-0.7463448740834906
10.42317429393305;-0.01838934498090601;-0.001474703038173393;-0.7530630008097887
10.49542428652323;-0.01799451922659079;-0.00175239156961616;-0.7575885618777911
10.5681750921366;-0.01828677997247747;-0.001531348853746006;-0.7638043556898708
10.64143018224317;-0.01843070529754574;-0.001650320096907233;-0.7684097790902626
10.71519305237607;-0.01811031395294808;-0.001921684219591922;-0.7737243123166877
10.7894672222983;-0.01847678360725765;-0.001784518364962861;-0.778181291240017
10.86425623617067;-0.01795683665028008;-0.001887584001695568;-0.7855007908542859
10.93956366272095;-0.0182813788247949;-0.001788566027671732;-0.7894921454382313
11.01539309541416;-0.01837262577180234;-0.001746975941052491;-0.7950692293862538
11.09174815262402;-0.01822180039645492;-0.002147889719803462;-0.8001095926340867
11.16863247780562;-0.01807446957546495;-0.001857801755114106;-0.8067050228266055
11.24604973966928;-0.01824041417995934;-0.001917794753253067;-0.81156662425518
11.32400363235558;-0.01814334414611266;-0.001993127461199701;-0.8189301382576275
11.4024978756117;-0.01804411918349749;-0.002024204112389;-0.8224360481447945
11.48153621496884;-0.01800872689953293;-0.002203263104199599;-0.8281905051176324
11.56112242192101;-0.01798543394503549;-0.002234833454291271;-0.8341189733782741
11.64126029410492;-0.01799697441903316;-0.002194262860006993;-0.8399693487526179
11.72195365548131;-0.01810480291156487;-0.001976424400230755;-0.8466640466356807
11.80320635651731;-0.01790534264027522;-0.002220522726053927;-0.8523148059070493
11.8850222743702;-0.01795925699586564;-0.002249352908272034;-0.8578366268569226
11.96740531307244;-0.01821813985905392;-0.002069575681429472;-0.8635879060120146
12.05035940371799;-0.01809561094124498;-0.002001219527841421;-0.8691570676681017
12.13388850464979;-0.01823826538902784;-0.002258484750561159;-0.8769939283099291
12.21799660164874;-0.01824612328599518;-0.002316910720114508;-0.8811385848365916
12.30268770812382;-0.01846945119895263;-0.002080945957349786;-0.8883405166108957
12.3879658653037;-0.01825211178714491;-0.002431787373976604;-0.893906996773552
12.47383514242945;-0.01806818072959284;-0.00258917959190938;-0.8999934022450873
12.56029963694877;-0.01832770975541961;-0.002282528926202127;-0.906068755154223
12.64736347471152;-0.01833286735163708;-0.002316578527859407;-0.9123622374497842
12.73503081016663;-0.01813492034351816;-0.002409654239115754;-0.9189232812436217
12.82330582656023;-0.01836166479893226;-0.002096871346645915;-0.9244664155921143
12.91219273613536;-0.01810498925833745;-0.002195310292905748;-0.9316069145148731
13.00169578033291;-0.01822660971927162;-0.002398191523607012;-0.9387006336209538
13.09181922999408;-0.01835424415882903;-0.002447357892572966;-0.9444231667657021
13.18256738556409;-0.01840791331371812;-0.002400056778341383;-0.9518684667674364
13.27394457729741;-0.01792149198547401;-0.002785945462197947;-0.9584533080097515
13.36595516546443;-0.01806933674334751;-0.00265302578358639;-0.9640267579760575
13.4586035405595;-0.01820007470013894;-0.002528910685314669;-0.9713631160378355
13.55189412351038;-0.01793587417961926;-0.002662558305367345;-0.9783485725668299
13.64583136588927;-0.01837024264675321;-0.002264276395185881;-0.9838497763798699
13.74041975012516;-0.01819665834591776;-0.002738550501075244;-0.991115989087838
13.83566378971783;-0.01806467941123445;-0.002772735027770614;-0.998350492114298
13.93156802945305;-0.01814268671377927;-0.002414071628152649;-1.005641255088932
14.0281370456196;-0.01811050394023776;-0.002751084115425229;-1.01225658718861
14.12537544622755;-0.01841633349352001;-0.002742811540415115;-1.018723593804978
14.22328787122821;-0.01790371188228616;-0.002936139180563403;-1.02627105144397
14.32187899273545;-0.01820948578370959;-0.002939463393748652;-1.033276115456594
14.42115351524871;-0.0182232435229551;-0.00284705079440121;-1.04147624521076
14.52111617587743;-0.01835636149861668;-0.002588664671875498;-1.048311954009577
14.6217717445672;-0.01852592546225401;-0.002586707713009443;-1.053681092448066
14.72312502432721;-0.01832600139325893;-0.002809202471348189;-1.062913621025629
14.82518085145956;-0.01820366601728831;-0.002923522851876373;-1.069472357650682
14.92794409578998;-0.01812148733172603;-0.002795640221633052;-1.07695231820145
15.03141966090022;-0.01824617817846621;-0.002942359311607746;-1.083572802216295
15.1356124843621;-0.01831989361174957;-0.002816526782546637;-1.092770675260297
15.24052753797292;-0.01820526303546924;-0.002942332411669111;-1.099293208465028
15.34616982799296;-0.0183583089045891;-0.002934880405777334;-1.106693974216782
15.45254439538414;-0.0182001416549864;-0.003083005192308986;-1.116660454065355
15.55965631605077;-0.01822991793711349;-0.002954359323984608;-1.123154814070915
15.6675107010815;-0.01838965300408333;-0.002988601629102889;-1.129614270256656
15.7761126969935;-0.01824383154534971;-0.00338651817636823;-1.138621612107698
15.88546748597779;-0.01839364783685364;-0.003226163701964493;-1.145708525909413
15.99558028614671;-0.01840214110746793;-0.003076303786635418;-1.154664351863325
16.10645635178271;-0.01808625528360294;-0.003332853070688476;-1.163005358994695
16.21810097358932;-0.01813673900661372;-0.003309574985426608;-1.170015416722762
16.33051947894334;-0.01820223764265616;-0.003679158975605291;-1.178224877255516
16.44371723214933;-0.01826378905169692;-0.003377055198481437;-1.185738545548531
16.55769963469529;-0.01840414822803696;-0.003252798185783155;-1.194926315756195
16.67247212551064;-0.01812069805605814;-0.003551271724662323;-1.201962652617766
16.78804018122561;-0.01835002936369252;-0.003540309028433176;-1.211200944380153
16.90440931643265;-0.01814878460725104;-0.003609298785890037;-1.220349171128312
17.02158508394952;-0.0183206463733005;-0.003314839270640188;-1.227732539171029
17.13957307508427;-0.01854777805896817;-0.003335525820406264;-1.237360510902723
17.25837891990204;-0.01831007516700961;-0.00343859550055371;-1.244220266652064
17.37800828749376;-0.01836303723592692;-0.003614950482816139;-1.253422210727912
17.49846688624658;-0.01835201265148993;-0.003545161226544252;-1.261922731031575
17.61976046411631;-0.01840034298729934;-0.003426552158413436;-1.271884743903833
17.74189480890166;-0.01845617308963245;-0.003372564596803511;-1.280734218615549
17.86487574852051;-0.01835671317811395;-0.00360694763075618;-1.289755125959033
17.98870915128789;-0.01853399563232587;-0.003198640120030654;-1.297920271782274
18.11340092619604;-0.01851176154424727;-0.00320895677392486;-1.306496456013434
18.23895702319638;-0.01845394302655369;-0.003390521911957717;-1.316709214116266
18.36538343348347;-0.01843972066557422;-0.00345844594917573;-1.324938170884224
18.4926861897808;-0.0184390200348837;-0.003472383877050284;-1.333102719719164
18.62087136662869;-0.01846722011153754;-0.0036913041810659;-1.343843071981453
18.74994508067419;-0.01845731042893016;-0.003618962414831225;-1.351674450443625
18.87991349096295;-0.01806747223192095;-0.003862387061511069;-1.363191324999001
19.01078279923302;-0.01851648450713767;-0.003648824961583524;-1.371516333021361
19.14255925021088;-0.01835063521376721;-0.003796015694006932;-1.381484648798089
19.27524913190937;-0.01827969849110042;-0.003890297038930978;-1.389443708582576
19.40885877592779;-0.0182409436102994;-0.004021647176028314;-1.400153104701084
19.54339455775396;-0.01838715291824685;-0.004036747232715976;-1.40954466682868
19.67886289706847;-0.0183547171820202;-0.004010857134380939;-1.418924395428036
19.81527025805099;-0.01847641830811532;-0.004295030069812019;-1.429562823450823
19.95262314968881;-0.01863544833676325;-0.003949580419086549;-1.438454498704587
20.0909281260873;-0.01845658643708677;-0.00415036492221129;-1.448845048152478
20.23019178678274;-0.01841516972472403;-0.004300265929109204;-1.458822822630069
20.37042077705719;-0.01833147077169791;-0.004164786438696238;-1.470193107977295
20.51162178825567;-0.01838805179146548;-0.004311992415381135;-1.478820094454903
20.65380155810531;-0.01846132384084517;-0.004352287545074394;-1.489585643078073
20.79696687103698;-0.01848005064281875;-0.004266789903439268;-1.50101252492255
20.94112455850894;-0.01858000148762881;-0.004441510967284926;-1.509903199293362
21.08628149933291;-0.01834486277401181;-0.004632072284593228;-1.521019265614683
21.23244462000221;-0.01839881348293603;-0.004314394434582116;-1.53220258930642
21.37962089502235;-0.01819197266376112;-0.004548243135102829;-1.543283646046518
21.52781734724374;-0.01859326043576879;-0.00450189172222786;-1.55393710144675
21.67704104819696;-0.01826005769725721;-0.004453841202510811;-1.562756183438808
21.82729911843003;-0.01843924567189119;-0.004693611990778511;-1.573811126985774
21.97859872784828;-0.01843503023031174;-0.004736493922528895;-1.585421938257682
22.13094709605638;-0.01842085832635947;-0.004853116866727611;-1.59647239187008
22.28435149270305;-0.01844295696539029;-0.005088226998986137;-1.607513935275698
22.43881923782768;-0.01838912950144335;-0.00486506287785518;-1.619597706310458
22.59435770220981;-0.01836445887047579;-0.004936337932975712;-1.62963588129611
22.75097430772071;-0.01844551650968144;-0.004828298592932458;-1.641364134634586
22.90867652767774;-0.01817550776419933;-0.005154900425330055;-1.653077662097942
23.06747188720071;-0.01835040158708921;-0.005215901115093442;-1.664620278532851
23.2273679635711;-0.01837876984755487;-0.005372001048545573;-1.676088292149106
23.38837238659356;-0.01830796715002431;-0.005203339316580615;-1.686059114959903
23.55049283896011;-0.01809885797350026;-0.005410968755064316;-1.698207740537359
23.71373705661658;-0.01788632637542447;-0.005668285034097493;-1.709659358582797
23.87811282913181;-0.01807675870114517;-0.005453604719385325;-1.722024381367387
24.04362800006935;-0.01827332513807009;-0.005541210083055315;-1.732843506155575
24.2102904673618;-0.01830920358513844;-0.005690594069325357;-1.746069920892865
24.37810818368755;-0.01819647203144526;-0.00581081127965675;-1.75828375159945
24.54708915685034;-0.01831479661629613;-0.005685055948479968;-1.770606395581474
24.71724145016132;-0.01843803717866012;-0.005748663935766287;-1.78237482255966
24.88857318282393;-0.01838147407085798;-0.005981839393691533;-1.794571103190492
25.06109253032117;-0.0183786234945908;-0.006028737871005834;-1.807429214696498
25.23480772480578;-0.0184229236322271;-0.006058150100891248;-1.820360678829219
25.40972705549306;-0.01812504816954517;-0.006307047036337048;-1.831819362241063
25.58585886905648;-0.01822006226725316;-0.006174879113771858;-1.845305956565937
25.76321157002578;-0.01818941993293836;-0.006330188932668629;-1.8575068964156
25.94179362118818;-0.01822090808570306;-0.006294798601594134;-1.872182859673373
26.12161354399208;-0.01808791432921866;-0.00648890295819913;-1.88349049614402
26.30267991895384;-0.01833462429063741;-0.006490176541348808;-1.896323138665694
26.48500138606704;-0.01799454434072209;-0.006749841023583213;-1.908994803408902
26.66858664521483;-0.01828116835676742;-0.006640489320655502;-1.92420417747612
26.85344445658509;-0.01833860635600392;-0.006936097796373053;-1.936153052712626
27.03958364108846;-0.01820891099098101;-0.006956463921475621;-1.950237419897519
27.22701308077915;-0.01827665884031248;-0.007073150933214358;-1.964096193987871
27.41574171927887;-0.01841410547992292;-0.006938877584414388;-1.977114805453866
27.60577856220348;-0.01819344369265558;-0.007205930226373001;-1.990720584673227
27.79713267759291;-0.01828182407077058;-0.007225590192072843;-2.003594222284903
27.98981319634366;-0.01822696654339137;-0.007343152031204854;-2.018170991869423
28.18382931264458;-0.01810089974961521;-0.00774171038135236;-2.032099349762269
28.37919028441558;-0.01829526912831598;-0.007444167638457141;-2.045736474363437
28.57590543374949;-0.01829673955125788;-0.007407797517674845;-2.0592676637159
28.77398414735673;-0.01837340123579225;-0.007158179616177878;-2.075495632428257
28.97343587701327;-0.01850976395907752;-0.007331288508933381;-2.088985246896385
29.17427014001169;-0.0184352232448322;-0.007523119881532904;-2.103637840571281
29.37649651961533;-0.01842203390856059;-0.007556215827344373;-2.118250217541117
29.58012466551549;-0.01833616617972873;-0.007646732853258798;-2.133020046099276
29.78516429429194;-0.01840750336203364;-0.007938050864859922;-2.14804099502517
29.99162518987653;-0.0183604555376615;-0.008084806239467269;-2.16289154781618
30.19951720402019;-0.01802303214697278;-0.008173274319940572;-2.178763918753845
30.40885025676283;-0.01840340562561799;-0.007972235270856186;-2.192413168490972
30.61963433690682;-0.01829604838600805;-0.008131712810044657;-2.207523130425811
30.83187950249356;-0.01836146191244551;-0.008415680922498031;-2.223077483168659
31.04559588128359;-0.01819326178928936;-0.008698342093761989;-2.238852864677414
31.26079367123959;-0.018354508237039;-0.008581202563158474;-2.252634198470403
31.47748314101321;-0.01834190157775833;-0.008826078403391086;-2.268729264321578
31.69567463043494;-0.01848923636843688;-0.008897869774662445;-2.284147778228942
31.91537855100765;-0.01832197684700513;-0.008904423312764602;-2.301309420126643
32.13660538640321;-0.01847606776175731;-0.00885709678118088;-2.316102396062405
32.35936569296288;-0.0185738787138748;-0.009183149416311496;-2.332662269765187
32.5836701002009;-0.0182353559517151;-0.009485291728167143;-2.348900573234921
32.80952931131191;-0.01835701253032892;-0.009379246273796927;-2.365173589000619
33.03695410368152;-0.0184852817058847;-0.009569604421353899;-2.381082313560043
33.26595532940047;-0.01861962882846308;-0.009468344677593074;-2.398423780281327
33.49654391578279;-0.01842981213664026;-0.009373925821758116;-2.414244664676943
33.72873086588689;-0.01857197102500446;-0.009385455928492454;-2.432223498764237
33.96252725904089;-0.01823824775003256;-0.009783225439210674;-2.448239378492218
34.19794425137091;-0.0183138533454626;-0.009773081686350566;-2.464918602426797
34.43499307633387;-0.01832757244335221;-0.009866689978773912;-2.482163229377285
34.67368504525317;-0.01822065241411253;-0.01012568715906799;-2.499947926718107
34.91403154785866;-0.01822750767304728;-0.01018774827837126;-2.516344371627952
35.15604405282983;-0.01824829422225895;-0.01037882543710254;-2.533978742820011
35.3997341083435;-0.01844306276008615;-0.01048113263298349;-2.55196461478819
35.64511334262443;-0.01839653512566122;-0.01052613984184285;-2.569404596934234
35.89219346450057;-0.01840980161623803;-0.01059740095425913;-2.587489046955051
36.14098626396135;-0.01843536320475834;-0.01092196721077144;-2.605073243079415
36.39150361272075;-0.01840845499564515;-0.01096456528308267;-2.622779182320002
36.64375746478333;-0.01857078586800083;-0.01073153787223907;-2.641661269321503
36.89775985701508;-0.01853338511308186;-0.01113029595658851;-2.659339160461768
37.15352290971728;-0.01859565521744017;-0.01131656466045972;-2.677747637810384
37.41105882720537;-0.01844983962234843;-0.0111699186320532;-2.697493037894333
37.67037989839089;-0.01846723765247248;-0.01170186639330619;-2.715074373435755
37.93149849736825;-0.01839167413486195;-0.01170088592095637;-2.732755308902441
38.19442708400468;-0.01845412831109968;-0.01193221224718247;-2.752161655547908
38.45917820453539;-0.01864437522855847;-0.01196228202824789;-2.771864970104758
38.72576449216173;-0.01855935147976385;-0.01212988651285648;-2.78970191721784
38.99419866765439;-0.01832341619916938;-0.01243216598338202;-2.809514665956613
39.26449353996001;-0.01845346530414973;-0.01238841118412788;-2.830066304042788
39.53666200681283;-0.01830526565361166;-0.0127436249026442;-2.848843741761243
39.81071705534973;-0.01846258606369221;-0.01282312045097127;-2.869930493129587
40.08667176273034;-0.01888424426660098;-0.01270320813567964;-2.888577037407089
40.36453929676053;-0.01858749696384691;-0.01310302236782978;-2.907128615019161
40.64433291652131;-0.01854629976282769;-0.01334879308532922;-2.92882657020759
40.9260659730011;-0.01844864608920001;-0.01374027773743545;-2.949049014018627
41.20975190973304;-0.01850139484840179;-0.01378831815655235;-2.968795798091932
41.49540426343633;-0.01861185454708416;-0.01367097497782397;-2.989616975231684
41.78303666466222;-0.01851528557158898;-0.01392733252953927;-3.010088534575473
42.07266283844442;-0.0184779321458259;-0.01408317475625901;-3.032825973365675
42.36429660495413;-0.01830213992651921;-0.01439942555901091;-3.052430195251688
42.6579518801593;-0.01821383065595969;-0.01448418865671503;-3.073676429631064
42.95364267648878;-0.01840838661500879;-0.01464312180006445;-3.095021217922266
43.25138310350088;-0.01839591359527235;-0.01476624648674599;-3.117075557265167
43.55118736855688;-0.0184467316884675;-0.01493906141036443;-3.137036005464665
43.8530697774986;-0.01856154232390296;-0.01488784275759445;-3.158740293089892
44.1570447353313;-0.01830728710196526;-0.01542789899675058;-3.182212295843257
44.46312674691089;-0.01834315169494168;-0.01585183061683761;-3.203432837573928
44.77133041763628;-0.01848352584396161;-0.0157143319917872;-3.224741517212802
45.08167045414605;-0.01836982251846477;-0.01617258045278241;-3.247943524165862
45.39416166502037;-0.01828947286662888;-0.01630849936292779;-3.268295800384521
45.70881896148752;-0.01861624676921722;-0.01631537784132117;-3.292586646328431
46.02565735813563;-0.01849132525749036;-0.01679691648182676;-3.315043421381226
46.34469197362884;-0.0184459463665523;-0.017028076817476;-3.337612694473293
46.66593803142892;-0.01864370213093315;-0.01706436426745232;-3.361614589470761
46.98941086052156;-0.01865609181244705;-0.01735229444461;-3.383906957196459
47.31512589614807;-0.01875575979261112;-0.01711788000979494;-3.408340905607901
47.64309868054161;-0.01869235046170428;-0.01762833563903887;-3.430234123133218
47.97334486366897;-0.01858304916374095;-0.01774684071091657;-3.454717134779568
48.30588020397728;-0.01873599745530675;-0.01788511392979666;-3.479150882199527
48.6407205691462;-0.01878899979467089;-0.01821097442196223;-3.503094450991263
48.97788193684466;-0.01875049491007043;-0.0184700888224631;-3.527050453335685
49.31738039549364;-0.01849625113861249;-0.0187481737554087;-3.551100678174009
49.65923214503363;-0.01878053300728003;-0.01894421421779952;-3.575784426205701
50.00345349769788;-0.01879424188532821;-0.01911662517557346;-3.600480967562788
50.35006087879053;-0.01874058176694776;-0.01935582407775832;-3.624810821165198
50.6990708274705;-0.01844833083673014;-0.01972682281308539;-3.651161321934893
51.05049999754065;-0.01865036381058382;-0.01989842433194941;-3.676484658923187
51.40436515824264;-0.01852522724017383;-0.02035186327404154;-3.701312307454302
51.76068319505681;-0.01860858525894966;-0.02032828735759784;-3.726595361133221
52.11947111050811;-0.01859492442394144;-0.02091454714454988;-3.753759331856799
52.48074602497728;-0.01843168189280447;-0.02128150921743602;-3.779565217753316
52.84452517751808;-0.01854834755914404;-0.02131703854108881;-3.803822828885853
53.21082592667948;-0.01868449855627573;-0.02139533042697395;-3.831470031859851
53.57966575133423;-0.01847451042394894;-0.02206879715445141;-3.858211311574422
53.95106225151279;-0.01865814123572856;-0.02200026178849356;-3.883800952376447
54.32503314924336;-0.01856812098938247;-0.02229280441532559;-3.910488833131737
54.70159628939721;-0.01863430401371341;-0.02263345262201916;-3.937585226708407
55.08076964054041;-0.01867044995449378;-0.02294018487808251;-3.964138031022145
55.4625712957911;-0.01848789635746674;-0.02338347669955773;-3.992171533746912
55.84701947368313;-0.01839563589185978;-0.02363986345862123;-4.020979907413988
56.23413251903497;-0.01840590460867766;-0.02382784340250691;-4.047716366982016
56.62392890382534;-0.01867254688187673;-0.02401685146300461;-4.076664806888729
57.01642722807478;-0.01869869123762125;-0.02456839521085315;-4.10401597095273
57.4116462207328;-0.01856574663231322;-0.02516886617677417;-4.132570560590079
57.80960474057186;-0.01843928501205714;-0.02521610938274754;-4.161083572770991
58.21032177708716;-0.01859953123445356;-0.02577849691900524;-4.18970555840275
58.6138164514029;-0.01887923440186186;-0.02586005653333102;-4.218108170032536
59.02010801718448;-0.01859663945147313;-0.02603995310458215;-4.247035628991327
59.42921586155732;-0.01853187866332933;-0.02660959746508062;-4.276848313764475
59.84115950603199;-0.01854244582492455;-0.02696322554416366;-4.30600278343676
60.25595860743581;-0.01840758427698454;-0.02735308479302305;-4.335275528409838
60.67363295885059;-0.01830354239856752;-0.02764511710752705;-4.365419289832943
61.09420249055727;-0.01861004113093287;-0.02815338411818604;-4.395104179602027
61.51768727098683;-0.01870763850185404;-0.02834211049456281;-4.425878501531912
61.94410750767818;-0.01849009169076258;-0.02900485188902481;-4.455966254772179
62.37348354824198;-0.0185230202243353;-0.0292049615192265;-4.48815417991753
62.80583588133187;-0.01862270688949907;-0.02947426449086315;-4.518242563402822
63.24118513762197;-0.01858304874357366;-0.03009865380285806;-4.549902554770448
63.67955209079162;-0.01852788374670832;-0.03041631835651794;-4.580637536902302
64.12095765851622;-0.01871369886344238;-0.03054162464541604;-4.613023382800151
64.56542290346563;-0.01847924296561912;-0.0312933910340973;-4.643946778006219
65.01296903430909;-0.01842217543945195;-0.03168649288189006;-4.675476231387151
65.46361740672754;-0.01836556298770591;-0.0320585504642871;-4.708330121371205
65.9173895244322;-0.01869917341847176;-0.03225748445166246;-4.74082460625452
66.37430704019096;-0.01846200509772566;-0.03299103077690874;-4.774367809608009
66.83439175686149;-0.01830664727889012;-0.03360037181281522;-4.806070343767573
67.29766562843182;-0.01823097683019092;-0.03375357366480319;-4.840926944864187
67.76415076106757;-0.0184328360903887;-0.03405254217598881;-4.872441243392345
68.23386941416705;-0.01835988939646278;-0.03448921611665522;-4.906594201359198
68.70684400142325;-0.01844279204598134;-0.03510235235188237;-4.941135024114075
69.1830970918937;-0.01856719216010562;-0.0353776699179551;-4.974298336253355
69.66265141107694;-0.01835364550999338;-0.03604138121823459;-5.010126279984377
70.14552984199722;-0.01845680782317017;-0.03625305591601387;-5.044338256921016
70.63175542629624;-0.01859229177978045;-0.03715205443843094;-5.077545698192253
71.12135136533296;-0.01870142273828881;-0.03731503705768849;-5.111516739589803
71.6143410212902;-0.01869715985597122;-0.0378913279812524;-5.148416955784739
72.11074791829004;-0.01859525624146517;-0.03823426009071087;-5.183618848517909
72.6105957435155;-0.0186380613909185;-0.03897336205651434;-5.219532958031735
73.11390834834179;-0.01866833019458363;-0.0395385637398134;-5.253954238183532
73.6207097494736;-0.0186731926055125;-0.04003801056159199;-5.291097916327814
74.13102413009184;-0.01882889242085359;-0.04061638048984094;-5.326346521856983
74.64487584100668;-0.01893064183723596;-0.04093796048213943;-5.364619967338029
75.1622894018206;-0.01854325490664164;-0.0416860133862007;-5.401121197023713
75.68328950209744;-0.01860136114278564;-0.04217493475090592;-5.43974955817907
76.20790100254131;-0.01884852020692611;-0.04281309693120572;-5.476237091802247
76.73614893618193;-0.01857339800240682;-0.04327799279224712;-5.514912123000329
77.2680585095703;-0.01870336956882896;-0.04388088979151824;-5.551845086904137
77.8036551039804;-0.01864448276650652;-0.04446208490085277;-5.589957217238492
78.34296427662129;-0.01857078220756323;-0.04499949504066986;-5.628038906556071
78.88601176185549;-0.01890437597529914;-0.04548345954737185;-5.665885489726278
79.43282347242821;-0.01899044553119726;-0.04606808764220659;-5.705218295371139
79.98342550070285;-0.01896173878628078;-0.04655424253743443;-5.744951217196281
80.53784411990678;-0.01875413220007664;-0.04744347247906891;-5.785846455184302
81.09610578538413;-0.01886050281530447;-0.04800521257775503;-5.825277659966957
81.65823713585931;-0.01888935387460798;-0.04878277774886245;-5.865532717006062
82.22426499470713;-0.01888629197430733;-0.04934805146950083;-5.905784540650053
82.79421637123353;-0.0188659510311388;-0.0499369868115349;-5.94466075005289
83.36811846196349;-0.01871208054177308;-0.05053767040055814;-5.986535799390509
83.94599865193982;-0.01879278120339156;-0.05129832302516277;-6.027863816884022
84.527884516029;-0.0188979357845764;-0.05196166676342881;-6.068014274855528
85.11380382023776;-0.01870552942123924;-0.0528488276704684;-6.110877760688759
85.70378452303702;-0.01898288115933713;-0.05334469104855043;-6.153292788160485
86.29785477669711;-0.01867492459266876;-0.05415626103623807;-6.194679993878765
86.89604292863018;-0.01870109697497477;-0.05491043378849367;-6.237321359877086
87.49837752274372;-0.01908238555014456;-0.0554723289236228;-6.280933877235299
88.10488730080148;-0.01871353748399279;-0.05650585621791568;-6.323836555837033
88.71560120379617;-0.01894000562662997;-0.05699107163471188;-6.367996440709376
89.33054837332953;-0.01879150878367282;-0.05770136276147407;-6.410524982685265
89.94975815300364;-0.01899103499304659;-0.0583341053653128;-6.455649747355693
90.57326008982007;-0.01904355978340645;-0.05916897021319354;-6.499641422578929
91.20108393559106;-0.01880091912934801;-0.05989962884810758;-6.543826180446075
91.83325964835811;-0.01897668723186211;-0.06070576130344922;-6.588729815981679
92.4698173938224;-0.01905611465247859;-0.06156338439249917;-6.634964696323525
93.1107875467831;-0.01887316229634841;-0.06246749406604905;-6.678888974699131
93.75620069258812;-0.01898893043789998;-0.06329073700293293;-6.725723558069918
94.40608762859236;-0.0189004680018922;-0.06408010242279663;-6.771671780299329
95.0604793656283;-0.01882292818755505;-0.06499093896220347;-6.817925010899515
95.71940712948451;-0.01876656775894714;-0.06586583193237744;-6.863653944815135
96.38290236239715;-0.0188944627797934;-0.06651125509399811;-6.912092144559949
97.05099672454899;-0.01904271676982341;-0.06749045660015206;-6.959118709930507
97.72372209558122;-0.01897721746245187;-0.06837857050931827;-7.005764141094193
98.40111057611345;-0.01897853523045029;-0.06927745064344155;-7.054569090883632
99.08319448927685;-0.01888894316798876;-0.07036819763734393;-7.10377189400333
99.77000638225536;-0.01891011815759483;-0.0714662628498913;-7.152561544302273
100.4615790278396;-0.01893547193752266;-0.07225260907162198;-7.200800482733356
101.1579454259899;-0.01891547565692562;-0.073265626160689;-7.249336369998304
101.8591388054118;-0.01901096789808244;-0.07412459029178731;-7.29911519619391
102.5651926251408;-0.01884883865430216;-0.07537247042306265;-7.350021268119709
103.2761405761399;-0.01917533937339095;-0.07610674676869753;-7.39961750431442
103.992016582906;-0.01896051284072923;-0.07726133669985011;-7.450260238721718
104.7128548050901;-0.01883905979014383;-0.07841010450086694;-7.500883324221178
105.4386896391259;-0.01901134552357532;-0.07922132777295895;-7.553645575269655
106.1695557198726;-0.01858843196976035;-0.08046220997611303;-7.603484874054601
106.9054879222658;-0.01882011979474349;-0.08148808933326016;-7.657552126153689
107.6465213629836;-0.01893595850070598;-0.08269777878222978;-7.708104499181303
108.3926914021204;-0.01898478429931263;-0.08369113967939566;-7.76185095998548
109.1440336448757;-0.01854179716978194;-0.08510887393347251;-7.815407447596272
109.9005839432521;-0.01871546527644329;-0.08596262635551606;-7.867996765073542
110.6623783977667;-0.01887107806153691;-0.08729156087055245;-7.922324689248626
111.429453359173;-0.01908321322883451;-0.08833198827275721;-7.975987374677544
112.2018454301964;-0.01888910125227666;-0.08930241185127084;-8.030624699524118
112.9795914672798;-0.01938831251857999;-0.0905279440688346;-8.085615694764883
113.7627285823431;-0.01930888101194855;-0.09155126333285474;-8.140393020647934
114.5512941445536;-0.01913292913263471;-0.09316096340548788;-8.19625834084848
115.3453257821093;-0.01939874146252515;-0.09412330845719394;-8.251392591010116
116.1448613840343;-0.01900352174304787;-0.0956529704741569;-8.308859235644199
116.9499391019872;-0.01907926569656448;-0.09686365181351743;-8.365963150562365
117.7605973520808;-0.01909184089259349;-0.09825401220626742;-8.422769074513511
118.5768748167161;-0.01925311818097308;-0.09928520187502582;-8.480019347126444
119.3988104464274;-0.01919034231197904;-0.1009059433938824;-8.537376115337663
120.2264434617414;-0.01917286358722598;-0.1023187864980192;-8.596092485868603
121.0598133550483;-0.0195621721891858;-0.1035174894596622;-8.654325297861405
121.8989598924867;-0.01892113346107821;-0.104943315189256;-8.713429267951881
122.7439231158408;-0.01928937061892349;-0.1062920078572618;-8.772082757267356
123.5947433444511;-0.01886756944160398;-0.107885749630425;-8.833198989213983
124.4514611771386;-0.01901183984545797;-0.1093100907763769;-8.892594035126947
125.3141174941417;-0.01907149349680011;-0.1106964832001661;-8.951853176427434
126.1827534590671;-0.01928844254105379;-0.111960974838815;-9.01427724256267
127.0574105208543;-0.01950129057885556;-0.1135629285208524;-9.07494622178649
127.9381304157525;-0.0190001304027653;-0.1153086329721317;-9.13713925134509
128.8249551693135;-0.01943740272854819;-0.1166504885816139;-9.199381901854636
129.7179270983956;-0.01935634665820474;-0.1183332611173941;-9.261332387803293
130.6170888131842;-0.01920416335447149;-0.1198103280651658;-9.326677135601471
131.5224832192239;-0.01920842333019471;-0.1213971287622539;-9.388836155117161
132.4341535194666;-0.01938581470110994;-0.1229279763635957;-9.45159727254304
133.3521432163325;-0.01906928312887783;-0.1245754554234648;-9.517103094163645
134.2764961137865;-0.01932288306065453;-0.1261116881123346;-9.580469800232109
135.2072563194278;-0.01888421988749105;-0.1280655827276955;-9.646453277217354
136.1444682465951;-0.01940300993437752;-0.1298128364451629;-9.711941561471477
137.0881766164854;-0.01949720213493344;-0.1314067005294964;-9.776728979430697
138.0384264602886;-0.01913875672606654;-0.1333059208218574;-9.84320395990207
138.9952631213354;-0.01937914500688265;-0.1352170452306633;-9.910174803068173
139.9587322572619;-0.0192704229923519;-0.1370230423059988;-9.977712692512014
140.9288798421875;-0.01918551657154583;-0.1388205696269038;-10.04597389446602
141.9057521689093;-0.01923568007371897;-0.1406945489217659;-10.11248007001569
142.8893958511104;-0.01965742980392315;-0.1423402334159947;-10.18194306794879
143.8798578255847;-0.01957567496007108;-0.1443594283062311;-10.24945703358701
144.8771853544762;-0.0192654231236337;-0.1463008651783974;-10.32116320096571
145.881426027535;-0.01953860443627234;-0.148120609010996;-10.39031944317691
146.8926277643868;-0.01926473670437496;-0.1500883416937521;-10.46086909682103
147.9108388168209;-0.0192615331712;-0.152072222479746;-10.53177323404624
148.9361077710916;-0.01919806052714291;-0.1541461621417567;-10.60295627414985
149.9684835502375;-0.01940322491498275;-0.1563294948434523;-10.673566741706
151.0080154164149;-0.01938330813333475;-0.1585158325785186;-10.74723032192405
152.0547529732497;-0.01944335256180568;-0.1605654396284499;-10.81924601129279
153.1087461682031;-0.01966442293696031;-0.1626012236357505;-10.89252055717199
154.1700452949561;-0.01935904832380478;-0.1651155335641176;-10.96402558839176
155.2387009958083;-0.0195514879539691;-0.1670978849188724;-11.04063467566218
156.3147642640955;-0.0193636827000495;-0.1695431973768486;-11.11405113876006
157.3982864466221;-0.01931756379735083;-0.171833045498083;-11.19044263216038
158.4893192461115;-0.01929856377749942;-0.1740182226111462;-11.26305340469295
159.5879147236734;-0.0191063773202626;-0.1765921914470585;-11.3411212288664
160.6941253012879;-0.01970449763096881;-0.178579561006798;-11.41724003239405
161.8080037643067;-0.01902397661784392;-0.1813491386980277;-11.49325613179781
162.9296032639724;-0.01961888467982278;-0.1833882019229144;-11.57153410317889
164.058977319954;-0.01935279048735181;-0.1861643214573362;-11.64863430227319
165.1961798229017;-0.01948594061471561;-0.1885849939257496;-11.72736219029002
166.3412650370171;-0.01953403277714358;-0.1909598244586953;-11.80717243746528
167.4942876026437;-0.01943842027117535;-0.1934078262158065;-11.88585834567072
168.6553025388743;-0.0195483160763916;-0.1961393559269549;-11.96506765381008
169.8243652461744;-0.01945160312198143;-0.1988579969790669;-12.04600683532003
171.0015315090289;-0.01964728065909803;-0.2013865622038298;-12.12711131493174
172.1868574986007;-0.01940760126290465;-0.204238838394262;-12.20816393818367
173.3803997754139;-0.01960539289047475;-0.2067960350353578;-12.28950210469554
174.5822152920504;-0.01952906387039271;-0.2095116522578548;-12.37335195476423
175.7923613958694;-0.01960096073221538;-0.2125961178697724;-12.45472641633816
177.0108958317421;-0.01977694952463217;-0.2154303486544942;-12.5383779596229
178.2378767448091;-0.01955342934753134;-0.2181310918223384;-12.62383305764133
179.4733626832527;-0.01945476250201891;-0.2211063634915889;-12.70717399550554
180.7174126010928;-0.01924835029304758;-0.2243007480016421;-12.79306767483628
181.9700858609984;-0.01949806954697015;-0.2272312554458609;-12.87811103546525
183.2314422371213;-0.01965864515166778;-0.2302950288525906;-12.96454599357729
184.5015419179473;-0.01983189192979304;-0.2331473295670071;-13.0510505831088
185.78044550917;-0.01962743163310371;-0.2363409137054267;-13.13729614825289
187.0682140365801;-0.01963374269961569;-0.2397186701148762;-13.22724206191617
188.3649089489802;-0.01990596711401274;-0.242652507314552;-13.31540980758223
189.6705921211147;-0.01997217814923512;-0.246000532587656;-13.40167813691679
190.985325856624;-0.02003177595570318;-0.2493379847968305;-13.49233018035543
192.3091728910159;-0.01988541164868959;-0.2524833653783172;-13.58211630806909
193.6421963946609;-0.02005901643639818;-0.2556936897297715;-13.67174644470425
194.9844599758046;-0.02028991495978991;-0.2590493082098991;-13.76261379647147
196.3360276836048;-0.01967033616125391;-0.2625992500189027;-13.85448420372063
197.6969640111861;-0.01993810211789802;-0.2661697438455116;-13.94651904299738
199.0673338987188;-0.0199332073458586;-0.2694888188324054;-14.03944115067143
200.4472027365161;-0.0201343374423352;-0.2735889888069804;-14.13353155598207
201.8366363681563;-0.01997677180537986;-0.2770480698553649;-14.22848772508064
203.2357010936222;-0.02012932592269455;-0.2807703439565379;-14.32083750489726
204.6444636724676;-0.02004951492724228;-0.2841931506249004;-14.41521438530446
206.062991327;-0.02037428561522197;-0.2881098874015982;-14.51255432245786
207.4913517454912;-0.02027503521468559;-0.2919326412155407;-14.60732310635872
208.929613085404;-0.02007259435963414;-0.2958410814972511;-14.70473824640239
210.3778439766477;-0.0202312799283216;-0.2998834842103528;-14.80239828169525
211.8361135248502;-0.02027285343401472;-0.3039041716525443;-14.8994082392027
213.3044913146578;-0.02042498260275575;-0.3080070166679315;-14.99697031404544
214.7830474130534;-0.02007221855847809;-0.3118303247447897;-15.09716737959965
216.2718523727023;-0.02042664954406424;-0.3158511366122558;-15.19596170048558
217.7709772353159;-0.02063690312622651;-0.3198366696561709;-15.29721275509863
219.2804935350451;-0.02046586874694669;-0.3243165699898189;-15.39667063835203
220.80047330189;-0.02040456463338443;-0.3287869253921141;-15.49994872109593
222.3309890651406;-0.02041960609195224;-0.3330669632469084;-15.60067226721239
223.872113856834;-0.02038704184976543;-0.3378176583659166;-15.70502790636874
225.4239212152432;-0.02080688203875989;-0.3418692313541732;-15.80770160442272
226.9864851883822;-0.0204112162307761;-0.3465760870092863;-15.9109658869552
228.5598803375432;-0.02057835712081129;-0.3506085021505487;-16.01328745019335
230.1441817408509;-0.02085353194805436;-0.355295175468045;-16.1200820643635
231.7394649968481;-0.02069557083081039;-0.360356397432645;-16.22495766688482
233.3458062281003;-0.02075565198078417;-0.3646643441580558;-16.33268859097265
234.963282084831;-0.02070078162022056;-0.3700028804026297;-16.44008941167783
236.5919697485759;-0.02104968143472088;-0.3745731899741049;-16.54594411842428
238.2319469358693;-0.02083036669539757;-0.379408737217034;-16.65528863457025
239.8832919019491;-0.0209008851849419;-0.3845937387617365;-16.76270659261372
241.5460834444943;-0.02117147146970704;-0.3892852466784886;-16.87323269465554
243.2204009073816;-0.02096372756432933;-0.3945256122932355;-16.98191170491538
244.9063241844748;-0.02089583207807999;-0.3997609154291304;-17.0926880073338
246.603933723434;-0.02119748678023035;-0.4050879118308151;-17.2028903525027
248.3133105295573;-0.0211764136877967;-0.4104157084465002;-17.31590516316326
250.0345361696432;-0.02121938138004301;-0.4154451659410202;-17.42941472917231
251.7676927758858;-0.02126980674965906;-0.4212408112896635;-17.54207594441385
253.5128630497908;-0.02082231967138662;-0.4269953534883228;-17.65579359164116
255.2701302661249;-0.02067565893894664;-0.4325587520042936;-17.76818528919867
257.0395782768865;-0.02087832970198802;-0.4379607065071128;-17.88452773351108
258.8212915153093;-0.0210811125021931;-0.4437711089123403;-17.99966479508726
260.6153549998896;-0.02144161411835713;-0.4496921324405687;-18.1177960120161
262.4218543384443;-0.02101307730542639;-0.4556255422349726;-18.23400480610862
264.2408757321948;-0.02098206439400799;-0.461397215572667;-18.35037122567604
266.0725059798811;-0.02105773505292827;-0.4674143013254348;-18.47127533585703
267.9168324819033;-0.02106882505330039;-0.4738742989302854;-18.58701472500383
269.7739432444922;-0.02101709546137548;-0.479974592267855;-18.70749712990458
271.6439268839084;-0.02144974734553882;-0.4860420335804964;-18.82848551416473
273.5268726306714;-0.02135349660466895;-0.4924650320453242;-18.94988383111721
275.4228703338167;-0.02146537692023118;-0.4988128338804254;-19.07119329576952
277.3320104651842;-0.02162599157562028;-0.5052068304389556;-19.19217503698258
279.2543841237339;-0.02142611923304166;-0.5121399742821761;-19.31569771870404
281.1900830398943;-0.02127342638748569;-0.5187725041056893;-19.43869357957595
283.139199579938;-0.02131419650930545;-0.5256078182199106;-19.56334666150718
285.1018267503911;-0.02130681948095989;-0.532387855937964;-19.68792039677122
287.0780582024692;-0.0215162753342355;-0.5390760607313321;-19.81299658774168
289.0679882365478;-0.02123306260043055;-0.5461299809170678;-19.9388837977266
291.0717118066607;-0.02154935735788309;-0.5533186521423945;-20.06677969485317
293.0893245250323;-0.02167348384472017;-0.5607178577013584;-20.19318271200006
295.1209226666387;-0.02160345215667696;-0.5676933409452883;-20.32498007575355
297.1666031738029;-0.02184472684839116;-0.5750016521276786;-20.45228304971555
299.226463660819;-0.02193987368262729;-0.5823643444244576;-20.58096057675317
301.3006024186123;-0.02133906453495218;-0.589994860115072;-20.71155920613218
303.3891184194272;-0.02185687257703421;-0.5974736823096098;-20.84094838549592
305.4921113215515;-0.02189952050347762;-0.6052512441693286;-20.97294862133904
307.609681474071;-0.02195293827130115;-0.6128576890915933;-21.10631044567005
309.7419299216583;-0.02163694893419559;-0.6211687486287;-21.23862082384505
311.8889584093939;-0.02151667529445251;-0.6293084814525746;-21.36974573905633
314.050869387622;-0.02162564731766617;-0.6373886936866966;-21.50571559655538
316.2277660168381;-0.02195312234821168;-0.6452491073728852;-21.64169322929183
318.4197521726125;-0.02213648328588952;-0.6536825535764044;-21.77529391950581
320.6269324505467;-0.0218081213296766;-0.6622518379870228;-21.91313158175811
322.8494121712636;-0.02197797097982193;-0.670657799576158;-22.04969249255828
325.0872973854346;-0.02176551381798211;-0.6790345259146555;-22.18812711789158
327.3406948788383;-0.02246030169827087;-0.6874911974683729;-22.32495586019986
329.6097121774579;-0.0224267260459088;-0.6962815096941934;-22.46510356083294
331.8944575526104;-0.02236952378678587;-0.7053244558360695;-22.60303684771554
334.1950400261144;-0.02233512866525956;-0.7143923427475065;-22.74494163587379
336.5115693754908;-0.02229846908590084;-0.7234313937709342;-22.88665478841993
338.8441561392028;-0.02219905624557786;-0.732507530695779;-23.02862023187732
341.1929116219287;-0.02248795186736878;-0.7416508081458018;-23.17042391595388
343.5579478998748;-0.02268328116076735;-0.7508514415973133;-23.311314087442
345.939377826122;-0.02267510421916944;-0.7604194041158521;-23.45590395436857
348.337315036012;-0.02272875757365268;-0.7699436126388768;-23.60049826031869
350.7518739525681;-0.02265019972046289;-0.7800147936730322;-23.74532994349137
353.1831697919572;-0.02296073417002535;-0.7896562590358148;-23.89126923819044
355.6313185689854;-0.02250715734428685;-0.7997352760207195;-24.03636174034117
358.0964371026362;-0.02254853166457727;-0.8099014820452675;-24.1844015977824
360.5786430216426;-0.02299566523181215;-0.8198501977513395;-24.33273579798282
363.0780547701016;-0.02294022505113382;-0.8303977018240484;-24.48067561589407
365.594791613125;-0.02284083287951378;-0.8407777117682959;-24.62997558524933
368.1289736425317;-0.02256497377002417;-0.8516382922316437;-24.78055026191304
370.6807217825762;-0.02297018492993524;-0.8620993163765239;-24.93014028416498
373.2501577957208;-0.0226494787422705;-0.8727073582270355;-25.08016041965993
375.8374042884443;-0.02278790487573148;-0.8838150932709222;-25.23271248654892
378.4425847170936;-0.02280550022868394;-0.8948543515048557;-25.3852135320589
381.0658233937732;-0.02285777119506009;-0.9062679537181073;-25.53915915962831
383.707245492279;-0.02294321829874964;-0.9174830655360735;-25.69126272535101
386.3669770540693;-0.02303269501418444;-0.9285560615292359;-25.84547075022408
389.0451449942809;-0.02323017682886254;-0.9402580669293892;-26.00194857324315
391.7418771077832;-0.02335166772516475;-0.9515634617151882;-26.15834451269482
394.4573020752787;-0.02348912989419059;-0.9634020617546362;-26.31315904792978
397.1915494694405;-0.02347661316607962;-0.9754104152724762;-26.47249112350623
399.9447497610978;-0.02424280029168801;-0.9872614737611136;-26.62860818771458
402.7170343254593;-0.02384112265641664;-0.9993613525191578;-26.7851825151877
405.5085354483842;-0.02363293971485887;-1.012121005336347;-26.94591229416503
408.3193863326923;-0.0236986129139661;-1.024391426047026;-27.10445180644302
411.1497211045225;-0.02316759275101457;-1.037301187029389;-27.26346800111813
413.9996748197306;-0.02376236422375352;-1.049654374740145;-27.42571661118367
416.8693834703357;-0.02386876185083212;-1.062713960077939;-27.58661703139057
419.7589839910078;-0.02371880269523792;-1.075692424467897;-27.74734785285013
422.6686142656033;-0.02367174790556896;-1.088849757590197;-27.91324839164315
425.5984131337433;-0.02405973765228299;-1.102217320623996;-28.07413034366029
428.5485203974399;-0.02389341631504547;-1.115706307575647;-28.23719115046026
431.5190768277654;-0.02403837943909987;-1.129211718114055;-28.40375095957518
434.5102241715719;-0.02405471248545748;-1.143102191725929;-28.56711599591586
437.5221051582523;-0.02449007152245153;-1.156734669356797;-28.73459484637412
440.5548635065537;-0.02421299977988643;-1.170998020692396;-28.90112616703595
443.6086439314328;-0.024116729639014;-1.185107566665124;-29.06842249153667
446.6835921509635;-0.0251840729992278;-1.199436743393508;-29.23704228794719
449.7798548932882;-0.02450217921518286;-1.213835367582268;-29.40306930549218
452.8975799036211;-0.02463459189576722;-1.228217124770162;-29.57181395174068
456.0369159512964;-0.02446038773762642;-1.243320274682574;-29.74314655846272
459.1980128368689;-0.0250337678265989;-1.257969944329532;-29.91214700148996
462.3810213992606;-0.02484294326661518;-1.273146526789574;-30.08157740358808
465.5860935229593;-0.02567228148462341;-1.288035319602572;-30.2539455381032
468.8133821452655;-0.02502145010987415;-1.30365619624804;-30.42523011624304
472.0630412635909;-0.02517694686172348;-1.319508890529143;-30.59664537083891
475.3352259428056;-0.02527260545170688;-1.335006138860597;-30.77017258623719
478.6300923226388;-0.02469341717881235;-1.351044984617871;-30.94428783601071
481.9477976251276;-0.02456909988235254;-1.366829019954015;-31.11653296614503
485.2885001621215;-0.02477613022252314;-1.382959646091857;-31.29263169598053
488.6523593428337;-0.02545344351501061;-1.399329433694135;-31.46671753367504
492.0395356814509;-0.02557194091523052;-1.415729343969778;-31.64201850574389
495.4501908047903;-0.0258964516839384;-1.432410177351935;-31.81936428224361
498.8844874600122;-0.02519647483410041;-1.449316989299145;-31.99823382850272
502.3425895223871;-0.02508764237361232;-1.46675946615453;-32.17444554675704
505.824662003114;-0.0255071582930446;-1.483458080889055;-32.35275245994544
509.3308710571955;-0.02550969413234053;-1.500992306684978;-32.52914622128546
512.8613839913648;-0.02510326854672579;-1.518364683185897;-32.70768327717406
516.4163692720711;-0.0255976586913709;-1.535927815055117;-32.88759799445776
519.9959965335159;-0.0258013300572894;-1.553735112176341;-33.06632251432055
523.6004365857503;-0.02557037496058736;-1.572295545413224;-33.24831575733565
527.2298614228226;-0.02617010562697768;-1.589775008162259;-33.42798064001647
530.8844442309885;-0.02617708822404197;-1.608484442205465;-33.60961725292827
534.5643593969717;-0.02645868431120369;-1.626952288598568;-33.7931227200331
538.2697825162884;-0.02619148603054552;-1.645446320112322;-33.97350978374534
542.0008904016239;-0.02631399959387098;-1.664537696454761;-34.15656095340982
545.757861091271;-0.02620182910576431;-1.683669502307792;-34.33679133642715
549.5408738576245;-0.02671952512619327;-1.70271458055746;-34.52064981375
553.3501092157368;-0.0264035384452914;-1.722172542023364;-34.70798281390052
557.1857489319299;-0.02679127325827847;-1.741647324373545;-34.89153533698773
561.0479760324706;-0.02662433257346294;-1.761638513464532;-35.07584345638773
564.9369748123025;-0.02669070250197931;-1.781608935939687;-35.26077521531119
568.8529308438416;-0.0269587522282114;-1.801883966869507;-35.44625665077626
572.7960309858292;-0.02704786970542615;-1.822383798939917;-35.6331981487738
576.7664633922509;-0.02683480274991099;-1.84272880316836;-35.81845889140119
580.7644175213121;-0.02683936990946468;-1.863307099397194;-36.00574782148315
584.7900841444809;-0.02716275510628582;-1.884285529031004;-36.19236335246464
588.843655355589;-0.02734700707418148;-1.905341668140913;-36.38155840176456
592.9253245800001;-0.02735259926209243;-1.926460135901949;-36.57049402857314
597.035286583837;-0.02749152342535725;-1.947964360878455;-36.75749761722781
601.1737374832783;-0.02741579215501068;-1.9696499282031;-36.9467235580621
605.3408747539136;-0.02735380126026775;-1.991385507100195;-37.13494282207582
609.5368972401693;-0.02776952726991633;-2.01339771217933;-37.32552751663138
613.7620051647942;-0.02765936520366781;-2.035848147390567;-37.51446806347285
618.0164001384161;-0.02760454077233994;-2.05811854252183;-37.70607465719378
622.3002851691596;-0.02804084892421527;-2.080164618491694;-37.89643557413528
626.6138646723356;-0.0280490735072204;-2.103282350413569;-38.08649688122387
630.9573444801933;-0.0279194711936755;-2.125999992911245;-38.27693720077018
635.3309318517439;-0.02800929468837713;-2.149632115408186;-38.46661941701247
639.7348354826482;-0.0277823067016941;-2.173238294038254;-38.65979513920342
644.1692655151775;-0.02796448438159521;-2.196650923695077;-38.8516759141382
648.6344335482385;-0.02835567453457705;-2.220462031033951;-39.04499211531462
653.1305526474727;-0.02827372299788549;-2.244713242599267;-39.23532541549348
657.6578373554205;-0.02826151893393943;-2.268753006326714;-39.42856344932535
662.2165037017621;-0.0284185040077297;-2.292863796890284;-39.62196031771212
666.8067692136221;-0.02898097290517024;-2.317248193345137;-39.81613958455543
671.4288529259527;-0.02910368634399689;-2.341991123045569;-40.00998536291803
676.0829753919818;-0.02859541080045118;-2.367174958308781;-40.20301018105506
680.7693586937418;-0.02875066048168744;-2.392147004081215;-40.39591270262761
685.4882264526617;-0.02885654504800153;-2.417889123470249;-40.59106057506304
690.2398038402423;-0.02899107825020199;-2.443421578413139;-40.78442779720029
695.024317588797;-0.02861988182168366;-2.469411340388375;-40.97921082471856
699.8419960022737;-0.02955576346863272;-2.494854529050996;-41.17455351409504
704.6930689671472;-0.02905695965591949;-2.520901852863527;-41.36977496385859
709.5777679633891;-0.02893462336752919;-2.547475475273406;-41.56377643587895
714.4963260755134;-0.02949326512390143;-2.57387707536004;-41.75726235785194
719.4489780036998;-0.02950987047633016;-2.600839197351021;-41.95432547087921
724.4359600749902;-0.02953100798124161;-2.627263973160207;-42.14859612775984
729.457510254569;-0.02980545340677896;-2.654907516473646;-42.34557836085763
734.5138681571151;-0.02920133786214156;-2.682344519314815;-42.53897741806293
739.6052750582381;-0.02912790406741072;-2.709971565556507;-42.73800453956092
744.7319739059892;-0.03038517608640846;-2.737349998374756;-42.93258770565014
749.8942093324562;-0.02998150856885865;-2.765791294884509;-43.12796534714462
755.0922276654342;-0.03027510334755744;-2.793960322410713;-43.32413515327046
760.3262769401822;-0.03030467003849049;-2.822215564411121;-43.5206570360122
765.5966069112566;-0.03041554232665193;-2.85112834772986;-43.71484388913158
770.9034690644305;-0.02982007826847995;-2.87992709445101;-43.90966852337404
776.2471166286919;-0.03010242390078902;-2.908937352809118;-44.10831219082186
781.62780458833;-0.0304014761619382;-2.937537815561094;-44.3039771341135
787.0457896950988;-0.0306473670000274;-2.96708363751502;-44.49946610913914
792.5013304804722;-0.03084226238611082;-2.996997368997222;-44.69217897783042
797.9946872679769;-0.03127599719913264;-3.027261525908877;-44.8927661683905
803.5261221856177;-0.03083197834306946;-3.056736738411038;-45.08729260688499
809.0958991783825;-0.03044084538887486;-3.087148989639652;-45.2880169230707
814.7042840208401;-0.03080973713194125;-3.118024892780616;-45.48195368810873
820.3515443298186;-0.03098822837038358;-3.148416004387424;-45.67633191119161
826.0379495771791;-0.0312242521030091;-3.17896288197379;-45.87613908601457
831.7637711026713;-0.03150763238591315;-3.210613731997896;-46.069164511997
837.529282126883;-0.03082303280606804;-3.241343369915096;-46.2634407443536
843.3347577642757;-0.03177974012013131;-3.272868877741026;-46.46068567479914
849.1804750363144;-0.0308946191256468;-3.304908483200969;-46.65827523614708
855.0667128846836;-0.03119490263658646;-3.336449330967251;-46.85219311408292
860.9937521846011;-0.03221078551675415;-3.368487128012258;-47.05322458025699
866.961875758217;-0.0319155773138478;-3.400387839662576;-47.24356171938014
872.9713683881121;-0.03163468319691045;-3.433679514892289;-47.43848439025646
879.0225168308846;-0.03185806604734148;-3.465977699265629;-47.63804786284494
885.1156098308361;-0.03198109142753931;-3.498704380531054;-47.83011410614398
891.2509381337459;-0.03155231879573688;-3.532547369370148;-48.02664401513559
897.4287945007491;-0.03198213474687786;-3.56552315326482;-48.22004701571763
903.6494737223018;-0.03157165928608609;-3.599076828674892;-48.41356322833428
909.9132726322522;-0.03210869561167044;-3.632344566283183;-48.60897596758596
916.2204901220001;-0.03173641580721548;-3.66637225584554;-48.80239416178101
922.5714271547639;-0.03242206771207522;-3.700155352219259;-48.99997568797217
928.9663867799368;-0.0327440100614283;-3.734779271795087;-49.19121773053325
935.4056741475526;-0.03218114874061835;-3.769552541940514;-49.38538136250557
941.8895965228418;-0.03270019923234145;-3.804206425582195;-49.5781023535497
948.4184633008978;-0.03201880335484437;-3.838849003186699;-49.77129490835966
954.9925860214364;-0.03235165572750495;-3.874471462650221;-49.96285332864299
961.6122783836653;-0.03235742609624704;-3.909450810530142;-50.15875224800806
968.2778562612496;-0.03246439634178813;-3.944978363353421;-50.34705745697386
974.9896377173876;-0.03286329881648803;-3.980784767979903;-50.54292549484175
981.7479430199849;-0.03283687020341911;-4.016456526485454;-50.73251657512311
988.5530946569396;-0.03305358161812431;-4.052806238639874;-50.92801341709333
995.4054173515274;-0.03390735302712774;-4.08879298606189;-51.11840491288916
1002.3052380779;-0.03341942334917884;-4.125738929829917;-51.30845069188517
1009.252886076685;-0.03274199486601437;-4.162033506084205;-51.49729449709108
1016.248692870696;-0.03288188977013232;-4.199051990912054;-51.68958450665258
1023.292992280755;-0.03446830272384507;-4.23583972440652;-51.88024332606591
1030.386120441617;-0.03409120869505095;-4.272932157383018;-52.07099701559903
1037.528415818013;-0.03381073989746626;-4.311015522688354;-52.26342830860222
1044.720219220801;-0.03398723999229125;-4.348493582917855;-52.44657448709621
1051.961873823223;-0.03368184540101571;-4.386283011073323;-52.63974182518584
1059.253725177289;-0.03366948774523987;-4.424103859848993;-52.82412334167969
1066.596121230258;-0.03329609145979626;-4.462551907817903;-53.01007246560062
1073.989412341245;-0.03455829969012941;-4.500274577647227;-53.20236590208353
1081.433951297939;-0.03491784058563138;-4.539264705605867;-53.39010762064705
1088.930093333434;-0.03415381906123745;-4.578274054655053;-53.5807379757583
1096.478196143186;-0.03484595905086008;-4.617274038426138;-53.7664165572678
1104.078619902074;-0.03448625829002147;-4.655970747574984;-53.95066130964452
1111.731727281592;-0.03438986639803207;-4.695662021046825;-54.13491717990279
1119.437883467152;-0.03446606592057022;-4.735353690736448;-54.3239226528524
1127.197456175511;-0.03474812583997713;-4.776036698279935;-54.50829328702673
1135.010815672316;-0.03450501017265009;-4.814976991187587;-54.69085889107178
1142.878334789772;-0.03493326862616201;-4.854833035890746;-54.8754330396463
1150.800388944436;-0.03455161128196355;-4.895863544378264;-55.05771442948695
1158.777356155126;-0.03511461653084454;-4.935405158599438;-55.24567234528222
1166.809617060962;-0.03493670414474687;-4.975852799719159;-55.4207995622977
1174.897554939529;-0.03501427125006964;-5.016758976802405;-55.60717495961261
1183.041555725165;-0.03488384769927484;-5.05777501462234;-55.79082173027211
1191.242008027375;-0.03493956046780789;-5.098843713726511;-55.96733715006427
1199.499303149379;-0.0354706254030737;-5.140186477040123;-56.15006360121447
1207.81383510678;-0.03532294486161176;-5.182320056323469;-56.33396442526784
1216.186000646368;-0.03542019718866614;-5.223199622975572;-56.5122124357193
1224.616199265049;-0.03557098133926043;-5.265404398091337;-56.68996747409636
1233.104833228909;-0.03512609979838713;-5.307333596732352;-56.868758180231
1241.652307592411;-0.0356777262726182;-5.349136657673367;-57.04831905416584
1250.25903021772;-0.03479521022217518;-5.391629462054812;-57.22568358299546
1258.925411794167;-0.03564465938208675;-5.433763752237757;-57.40256445814866
1267.651865857846;-0.03565891635462951;-5.477098990140131;-57.58449840305833
1276.438808811344;-0.03537285264430368;-5.519724565994966;-57.75766046416743
1285.286659943615;-0.0354748564539635;-5.563555456733909;-57.93243701138842
1294.195841449986;-0.03645156331367867;-5.606466832431066;-58.11066060837367
1303.166778452299;-0.03659680510961882;-5.649915996423106;-58.28462194260243
1312.199899019203;-0.03648609896234605;-5.693414452027349;-58.45800266203141
1321.295634186575;-0.0360386587967944;-5.736992870036977;-58.63381755159982
1330.454417978091;-0.03635581934527646;-5.781532758158805;-58.80213364695383
1339.676687425935;-0.03571347147328792;-5.825749286264641;-58.97599688862981
1348.962882591654;-0.03639471477601168;-5.868938242713519;-59.15235738534086
1358.313446587154;-0.03697093904561409;-5.913457532524391;-59.31867752084747
1367.728825595849;-0.03629192472235;-5.957981264156452;-59.49329314750136
1377.209468893946;-0.03657107458815759;-6.001676334250657;-59.65652524577013
1386.755828871889;-0.03680273691083196;-6.047829856426143;-59.82946430069184
1396.368361055938;-0.03672448504782806;-6.092217115938209;-59.9968659117698
1406.047524129914;-0.03703251004652816;-6.137758781343373;-60.16916024896373
1415.793779957082;-0.03656002709359391;-6.182832437022356;-60.338079520504
1425.607593602188;-0.03653191275273011;-6.228398674692031;-60.49890380599265
1435.489433353656;-0.03611511721647098;-6.274068178074979;-60.67019457418819
1445.439770745928;-0.03677311367417033;-6.319358339851996;-60.83645655744444
1455.459080581966;-0.03662112448724215;-6.365347693189548;-61.0042884474238
1465.547840955912;-0.0364617520366141;-6.411196532406192;-61.16791442458468
1475.706533275895;-0.0365594567067714;-6.456676711390904;-61.32965245197965
1485.935642287007;-0.03663657769633369;-6.503374491720006;-61.4896520918048
1496.235656094433;-0.03653322095810426;-6.550000385031458;-61.65865019168363
1506.607066186742;-0.03686278082388054;-6.596809941975427;-61.81835988829476
1517.050367459337;-0.03694067491534846;-6.643917393115365;-61.97867858733241
1527.566058238073;-0.03799377724550755;-6.690809910300989;-62.13735017218926
1538.154640303035;-0.03841944996719093;-6.736784230088571;-62.3002599067737
1548.816618912482;-0.03752432651157907;-6.78386610009608;-62.45994515626161
1559.552502826954;-0.03790657487451046;-6.830270079479015;-62.61711752151521
1570.362804333553;-0.03752915720070452;-6.87845217836743;-62.77665752564451
1581.248039270384;-0.03735986966977025;-6.926640284688452;-62.93638581777117
1592.20872705117;-0.03716769260114861;-6.97435038633615;-63.09396942066793
1603.245390690042;-0.03787344267978243;-7.021376111733463;-63.24776599990321
1614.358556826486;-0.03803428167689616;-7.068807040140944;-63.40089096988388
1625.548755750484;-0.03672790125077588;-7.11774871934283;-63.56236896623044
1636.816521427809;-0.0373540800611349;-7.165301377649521;-63.71451526243547
1648.162391525509;-0.03729021903303073;-7.214161383551767;-63.8695869969419
1659.586907437561;-0.03747943711752904;-7.262390420599058;-64.02038098416348
1671.090614310708;-0.03773799442391843;-7.310350041411853;-64.16989445177055
1682.674061070468;-0.0379195410116341;-7.359361317876697;-64.32101518107244
1694.337800447329;-0.03789355290600858;-7.408150997804624;-64.48060562114301
1706.082389003124;-0.03828529118337756;-7.457614576322814;-64.62653684596485
1717.908387157588;-0.03878173962651366;-7.505647328315217;-64.7836030009306
1729.816359215102;-0.03843264566717631;-7.555063129902607;-64.926642370336
1741.806873391615;-0.03813193080365525;-7.60462828533303;-65.07725660589477
1753.880501841762;-0.03814061014559543;-7.65426526505686;-65.22365058687441
1766.037820686165;-0.03805887825919917;-7.702845092425038;-65.3738582623654
1778.279410038923;-0.03874607251290524;-7.752547830307591;-65.5203095172712
1790.605854035295;-0.03812698339239976;-7.803492177821076;-65.66540523394875
1803.017740859569;-0.03761854269260374;-7.851751767115601;-65.80834275290727
1815.515662773136;-0.03859852415188603;-7.902989827317731;-65.95559867793513
1828.100216142743;-0.03881356504139303;-7.952125039256106;-66.09564393138758
1840.772001468956;-0.0390685514898594;-8.002644440103511;-66.24339936051177
1853.531623414812;-0.03811847488230338;-8.052796926306602;-66.38329892209336
1866.379690834671;-0.03874852321981182;-8.102662084180015;-66.52503632916766
1879.316816803269;-0.03880068826832398;-8.154058955152815;-66.6701942960824
1892.343618644976;-0.03848294710033268;-8.205080784779149;-66.80450492020395
1905.460717963248;-0.03854751267872972;-8.254706338049258;-66.95044363002462
1918.66874067029;-0.0387144906984464;-8.304932471586589;-67.08456973902196
1931.968317016925;-0.03838413186349557;-8.35658117956404;-67.22602121681115
1945.360081622664;-0.03884331019722181;-8.406861809687166;-67.35717663634144
1958.844673505991;-0.03876592306771946;-8.458497322584481;-67.49405970586885
1972.422736114854;-0.03807348864082884;-8.509693081404121;-67.6365865462253
1986.094917357372;-0.03888583604148947;-8.561023501851295;-67.77365346894442
1999.861869632745;-0.03865404671367318;-8.612136454010638;-67.9074595815859
2013.724249862389;-0.03907573772378711;-8.663250694670715;-68.04056180434003
2027.682719521283;-0.03900768756435913;-8.715198713545266;-68.17016021736667
2041.73794466953;-0.03843369222007557;-8.767236066352101;-68.30525617592835
2055.890595984143;-0.0388820247054717;-8.818658170382694;-68.44366018621396
2070.141348791043;-0.03855636296922691;-8.871078781724348;-68.57280981915952
2084.490883097289;-0.0397166657098873;-8.922746413312808;-68.69876290702102
2098.939883623525;-0.0388599379124223;-8.974373286807229;-68.83197574680447
2113.489039836648;-0.03863844374099645;-9.026881287326695;-68.95279746534186
2128.139045982713;-0.03964822533788117;-9.078979633084783;-69.09372976113079
2142.890601120059;-0.03870450728842401;-9.132411172808485;-69.21934723745298
2157.744409152667;-0.03912703678315293;-9.184248428654572;-69.35017948659168
2172.701178863746;-0.03962053226265706;-9.236353572014544;-69.47920105503141
2187.761623949553;-0.03922476812285297;-9.288562464313898;-69.60078279694437
2202.926463053457;-0.03958890388023189;-9.342761411543862;-69.73314542464209
2218.19641980022;-0.03894073427569247;-9.393713778786475;-69.85222732048679
2233.572222830533;-0.03924323727132364;-9.447128259113692;-69.97264630391686
2249.054605835782;-0.03968058066258499;-9.499421204916432;-70.10202080164538
2264.644307593061;-0.03987450410706247;-9.55271009686369;-70.22541534936197
2280.342072000419;-0.03999639588648156;-9.606291443523993;-70.34348660831157
2296.148648112363;-0.03870667452366953;-9.659726644889234;-70.45808974327144
2312.064790175596;-0.0388824432692676;-9.713114261060047;-70.59215162651451
2328.091257665009;-0.03958502954212067;-9.767439993738115;-70.71101145084339
2344.228815319923;-0.0388105498671464;-9.819891711371367;-70.82709330172798
2360.478233180578;-0.03947359161578769;-9.872444948965406;-70.94812756194901
2376.840286624878;-0.03949473115624272;-9.925555304800044;-71.0597821528049
2393.315756405389;-0.04004737688588604;-9.97911655093424;-71.18144413123039
2409.905428686596;-0.03851262945326032;-10.03331109561198;-71.30117619125041
2426.610095082417;-0.03937389935691826;-10.08610170537619;-71.41446338749374
2443.430552693973;-0.03976274224211374;-10.14155250658795;-71.52783445484407
2460.367604147629;-0.0391709093111518;-10.19622457712941;-71.64298445161751
2477.422057633287;-0.04040017892135908;-10.24860485733634;-71.75353758632619
2494.594726942956;-0.03987918022498712;-10.30232717515469;-71.87510725375671
2511.886431509582;-0.04021057086506844;-10.35701298766238;-71.97958059702826
2529.297996446146;-0.03788744590392424;-10.41103908682441;-72.10032525369354
2546.830252585042;-0.03936866535326601;-10.46573676454301;-72.21553580443486
2564.484036517719;-0.03923282913426387;-10.51933761267758;-72.32149607245486
2582.260190634598;-0.0405091790380563;-10.57249541131713;-72.43120830758041
2600.159563165274;-0.03915616323145696;-10.6283133736065;-72.54577909901927
2618.183008218987;-0.0395030912537369;-10.68347794205451;-72.65266104193077
2636.331385825381;-0.03935804198118713;-10.73670240777794;-72.76553720468854
2654.605561975541;-0.03972585673970356;-10.7914493906845;-72.87048916774312
2673.006408663313;-0.03921861729682921;-10.84827974813378;-72.97946132809473
2691.534803926917;-0.03946811057745053;-10.90132692154915;-73.07740467859594
2710.191631890844;-0.03937413743431581;-10.95592475162978;-73.19412738025352
2728.977782808042;-0.03971196588701319;-11.01120183278941;-73.29489460614288
2747.894153102397;-0.03917525031676348;-11.06742051550079;-73.39406754705823
2766.941645411511;-0.03917593593658956;-11.12186257452731;-73.50975384192148
2786.12116862977;-0.03967213138833991;-11.17631612724771;-73.6126362874093
2805.433637951713;-0.03977147121007067;-11.23163501141092;-73.71379063452851
2824.879974915706;-0.03908584132314012;-11.28743667254585;-73.81370035344273
2844.461107447915;-0.03928482727863127;-11.34105002702045;-73.91806796287257
2864.177969906581;-0.03889131425436794;-11.39725135134607;-74.01578036798389
2884.031503126605;-0.04030704058466616;-11.45186181111879;-74.11843428632984
2904.022654464451;-0.03982703295735027;-11.50766228640778;-74.21900578642874
2924.152377843335;-0.03996585624944179;-11.5629669767657;-74.31636244551699
2944.421633798761;-0.03912452794224052;-11.61940562761954;-74.41387548539046
2964.831389524342;-0.03927595526126156;-11.67526115264254;-74.51134498973641
2985.382618917959;-0.03894465096109637;-11.7299094733625;-74.61826363041732
3006.076302628231;-0.0393189284281134;-11.78621884774973;-74.70986754813124
3026.913428101305;-0.03961007405995759;-11.84193330256858;-74.80600186241443
3047.894989627983;-0.03919080135414747;-11.89537255977194;-74.89792928578096
3069.021988391157;-0.03954619290433345;-11.95290559634849;-75.00520681063678
3090.295432513591;-0.03970296889890718;-12.0079847787901;-75.08876219856481
3111.716337106017;-0.03925100319925694;-12.06400491014643;-75.19057483804494
3133.285724315585;-0.03842094253540937;-12.12130868818418;-75.27370068363909
3155.004623374627;-0.04037900644005898;-12.17616956478496;-75.3701356221511
3176.87407064977;-0.03972969485144977;-12.23313085115407;-75.46108247748688
3198.895109691397;-0.04002049606592088;-12.2889751165395;-75.56235468487507
3221.068791283434;-0.03917207154732334;-12.34497256353192;-75.65187183476705
3243.396173493492;-0.03945045299199402;-12.40061115900015;-75.74472028880621
3265.878321723358;-0.03980261017739829;-12.45624722379;-75.8294942373752
3288.51630875983;-0.03870438441331342;-12.51445994654426;-75.92607849495951
3311.311214825911;-0.04061865155963086;-12.5704632256602;-76.01299751524225
3334.264127632349;-0.03937276881331728;-12.6260357006822;-76.10239603000313
3357.376142429546;-0.03908515077475209;-12.68456254726831;-76.18532901785652
3380.648362059816;-0.03939967975502085;-12.73945098541318;-76.27736139923978
3404.081897010009;-0.03818576781351963;-12.79521879471666;-76.35962667114359
3427.677865464504;-0.0403350851200326;-12.85133899543929;-76.45736262922142
3451.437393358563;-0.03962474133727938;-12.90787190020737;-76.52745094764504
3475.361614432058;-0.03887684811177564;-12.96528675039155;-76.61084263323271
3499.451670283573;-0.03981521633583779;-13.02130166157259;-76.70813988351223
3523.708710424872;-0.03900729159387692;-13.07830559664164;-76.78850329991837
3548.133892335755;-0.04003195577819933;-13.13505178218321;-76.87802851125979
3572.728381519289;-0.03829255018268846;-13.19222949091299;-76.96348952443202
3597.493351557423;-0.0396372835503998;-13.24872264549938;-77.03276707450422
3622.429984166986;-0.04019029940055836;-13.3050202303013;-77.13198297258842
3647.539469256078;-0.03894344673401785;-13.36240553112828;-77.20370154842409
3672.823004980847;-0.04007486245420671;-13.42092723184717;-77.28218119924134
3698.281797802662;-0.04041004205132957;-13.4762811331458;-77.36411383318557
3723.917062545685;-0.0390795066775446;-13.53357087388205;-77.44029260223851
3749.730022454835;-0.03912861417332533;-13.59028496790893;-77.53069246123478
3775.72190925416;-0.03922579035265508;-13.64846613598713;-77.59836528185375
3801.893963205612;-0.03947954339784925;-13.70611267276673;-77.6798911830992
3828.247433168227;-0.03913223719614765;-13.76286187029493;-77.75619563722178
3854.783576657718;-0.03818910604966451;-13.81850776113691;-77.84597171060727
3881.503659906483;-0.03900841781673069;-13.87488823785624;-77.91785385782305
3908.40895792402;-0.03948148985786021;-13.93273970860933;-77.99812961072719
3935.500754557775;-0.0400943844296727;-13.99113333873661;-78.06212291512081
3962.780342554395;-0.0395111894774752;-14.04804334488555;-78.14289452494609
3990.249023621421;-0.03949778871813966;-14.10543740281719;-78.2210577086321
4017.9081084894;-0.03879434206901371;-14.1618806457276;-78.28536897054137
4045.758916974427;-0.03936557173519251;-14.21945643254198;-78.37846381213764
4073.802778041128;-0.0395258953805761;-14.27854525047528;-78.44731740199917
4102.041029866069;-0.03833010804670215;-14.33584498496934;-78.51674015307812
4130.475019901613;-0.03974773730142521;-14.39371921657635;-78.58944046238837
4159.106104940221;-0.03995277366936778;-14.45070151537928;-78.66661878579069
4187.935651179184;-0.03881293540173994;-14.50890333086564;-78.73865256338928
4216.965034285823;-0.0391537822512649;-14.56561088966582;-78.80140949870066
4246.19563946313;-0.03947297255559049;-14.62106462587143;-78.87341097153707
4275.628861515863;-0.03904366398820082;-14.68106341518165;-78.95143427438049
4305.266104917107;-0.03825828273360942;-14.73832912943806;-79.01649493123855
4335.108783875289;-0.04017970259420424;-14.79784108327803;-79.08530609741695
4365.15832240166;-0.03812221631950224;-14.85243514438025;-79.15267271534455
4395.416154378246;-0.03803677425991033;-14.91247222010105;-79.22279751319265
4425.883723626266;-0.03841330743444656;-14.96976948989184;-79.29496889017238
4456.562483975034;-0.03894476644164517;-15.0242479988847;-79.3634142001905
4487.453899331323;-0.03932953824452422;-15.08555988666036;-79.42320509751045
4518.559443749225;-0.03983543316032025;-15.14182699539686;-79.49600228575667
4549.880601500487;-0.03888203294960187;-15.19944854163341;-79.55191651885946
4581.418867145336;-0.03889440701676571;-15.25591642842233;-79.62988120850116
4613.175745603795;-0.03854163961808409;-15.31623275110218;-79.69448933481223
4645.152752227496;-0.04127771658970629;-15.3750672172877;-79.75025996119496
4677.351412871983;-0.03900850764984391;-15.43143212921488;-79.83009373009358
4709.77326396953;-0.0376961511416015;-15.49070711013632;-79.87235139883276
4742.419852602447;-0.03903295415084698;-15.54939658739574;-79.95260238416004
4775.29273657691;-0.03810863064589715;-15.6081250696781;-80.00877411740544
4808.393484497286;-0.03815453398372903;-15.66504299162336;-80.08600572133474
4841.723675840994;-0.03828731458552866;-15.7234118465386;-80.14370052101833
4875.284901033864;-0.04151305875115756;-15.78054046330841;-80.21654071104855
4909.078761526032;-0.03884725665514473;-15.84007628362017;-80.2582070141713
4943.106869868356;-0.03781297001945624;-15.89947032363546;-80.33072028701994
4977.370849789361;-0.03932189158679107;-15.95720129269733;-80.39203344734909
5011.872336272725;-0.03811684728295538;-16.01389743156287;-80.46137592177216
5046.612975635285;-0.03863411979704826;-16.07301802126483;-80.51667752999576
5081.594425605606;-0.03746428424249466;-16.13178572110492;-80.57680013631577
5116.818355403078;-0.03988319496464798;-16.18716605265677;-80.62551178218033
5152.286445817566;-0.03733958080663817;-16.24702010422059;-80.69489682460357
5188.000389289613;-0.03750793979223906;-16.30526466350362;-80.74129489585897
5223.9618899912;-0.03756346925698682;-16.36321477153059;-80.79879888192312
5260.172663907063;-0.04109925322067261;-16.42475642611047;-80.85409320696704
5296.63443891658;-0.03748196441040465;-16.48065345568543;-80.93084752461186
5333.348954876212;-0.03738906766508567;-16.53926466289139;-80.96458615547661
5370.317963702529;-0.03777484434438142;-16.59696533843697;-81.0299005826127
5407.54322945581;-0.0416211344441289;-16.65578710850897;-81.08812064867801
5445.026528424214;-0.03810820827654444;-16.71459435161274;-81.16269129185339
5482.76964920854;-0.03695293893096275;-16.77533436301286;-81.21342730380476
5520.774392807576;-0.0378378551094698;-16.83316211746112;-81.2660924472642
5559.042572704038;-0.04153425482967212;-16.88897560116949;-81.30576737051017
5597.576014951103;-0.03783787549461221;-16.94841866682473;-81.38311548194622
5636.376558259546;-0.03601199041950547;-17.00533219100307;-81.437324612439
5675.446054085473;-0.03727295448848569;-17.06519221669494;-81.47935450542383
5714.786366718673;-0.04091127239456788;-17.12292243068667;-81.55219897695642
5754.399373371572;-0.03670827352260262;-17.18524083863184;-81.5890794554945
5794.286964268812;-0.03626465064409497;-17.24122311243383;-81.64213274732577
5834.45104273745;-0.03732134750107454;-17.30223633657903;-81.69636817780977
5874.89352529777;-0.04002944917425626;-17.35959242290991;-81.74973128197985
5915.616341754741;-0.0496587881252089;-17.4166448030923;-81.80634304599965
5956.621435290107;-0.03659175995619963;-17.47896694010223;-81.82690249818808
5997.910762555097;-0.03575394806076627;-17.5363318739572;-81.88883561510542
6039.486293763801;-0.03711844572926375;-17.5940927562167;-81.94169205221095
6081.350012787181;-0.04492959246216301;-17.65225287668086;-81.99297559624128
6123.503917247736;-0.03597326867449577;-17.71334825420257;-82.03111889588615
6165.950018614824;-0.03590939279502758;-17.77288896953048;-82.09832258616706
6208.690342300638;-0.03622946971143792;-17.82790219514543;-82.12150137009502
6251.726927756861;-0.04026484618626947;-17.89117503913518;-82.17721307259413
6295.061828571978;-0.05222757452834428;-17.9465187967651;-82.24334345506419
6338.697112569273;-0.03669224886985681;-18.00517741186705;-82.28519078694535
6382.63486190549;-0.03549221557785774;-18.06264739930079;-82.33816949000106
6426.877173170199;-0.03747929506923618;-18.12024261619832;-82.40894401934989
6471.426157485835;-0.04318160415196313;-18.18095944955975;-82.44427283273059
6516.283940608425;-0.03686533543230008;-18.23952651403107;-82.48700541493395
6561.452663029051;-0.03572983718252141;-18.29841387598746;-82.53462975322533
6606.934480075958;-0.03589082116185492;-18.35765808358655;-82.57391049050105
6652.731562017412;-0.03791874718531308;-18.41825566878123;-82.61109035601356
6698.846094165263;-0.04662899199975436;-18.47698771350194;-82.67277975127683
6745.280276979218;-0.03690795957392168;-18.53525071749168;-82.70640226987857
6792.036326171843;-0.03476674868828112;-18.59468693481818;-82.74370783202917
6839.116472814292;-0.03482936469924851;-18.65176345158013;-82.79054077393124
6886.52296344276;-0.0380667918944045;-18.71030074679949;-82.84972992759737
6934.258060165689;-0.04639310668989342;-18.77187556370893;-82.89953622649527
6982.324040771712;-0.03538156459330501;-18.82975114315938;-82.94127393150598
7030.723198838332;-0.03488408116574064;-18.88855309144641;-82.96772621099747
7079.457843841377;-0.03428473861436124;-18.9469164625078;-83.02210887659476
7128.530301265194;-0.03706200418862326;-19.00559314482258;-83.07825061801046
7177.942912713615;-0.0458288649112284;-19.06725572422235;-83.09415062536698
7227.698036021701;-0.04089748031505354;-19.12696907515892;-83.14450816884229
7277.798045368238;-0.03489197334182997;-19.18501951425629;-83.19236215999234
7328.245331389039;-0.03440646856197439;-19.2423453276981;-83.2346927991042
7379.042301291008;-0.0353944279602983;-19.30068400052916;-83.24924350590392
7430.191378967012;-0.04241674468306221;-19.35829280400286;-83.33242930871822
7481.695005111542;-0.04349181071091937;-19.41907947939911;-83.36971664254072
7533.555637337173;-0.03417523122425304;-19.47857094844538;-83.37801420603597
7585.775750291837;-0.03350515023124894;-19.53453023800052;-83.44508361217856
7638.357835776906;-0.03382860441524359;-19.59668924808138;-83.47458829966553
7691.304402866095;-0.03785082930525131;-19.65383555195934;-83.51080896232759
7744.617978025186;-0.04954287021715571;-19.71341644226903;-83.56678550694947
7798.301105232586;-0.03813107512415904;-19.77239477461289;-83.57691722124895
7852.356346100716;-0.03414799931100684;-19.83202917096263;-83.64197877226525
7906.786279998249;-0.03336398195957104;-19.88960705324114;-83.66552752466458
7961.593504173185;-0.03422497111638544;-19.95065324475597;-83.72822879893567
8016.78063387679;-0.04001373573394433;-20.00588267058193;-83.78037629269926
8072.35030248838;-0.04519346001760075;-20.06562528912982;-83.7792471706661
8128.30516164099;-0.03528811418811495;-20.12815430047323;-83.84123912498937
8184.647881347897;-0.03408474103937478;-20.18475042964699;-83.87738599994015
8241.381150130022;-0.03316531359678052;-20.2461078310586;-83.87486546442011
8298.507675144223;-0.03430713096849737;-20.30125315654494;-83.91957737086122
8356.030182312479;-0.04051288618281923;-20.35952216259869;-83.99393176565206
8413.95141645195;-0.04347139973980522;-20.42022744439446;-84.01623973539476
8472.274141405964;-0.03507772752730385;-20.48162082338804;-84.03986920811693
8531.001140175893;-0.03340731224825916;-20.53703812981031;-84.07262691347684
8590.135215053957;-0.03170952809532834;-20.60087680987844;-84.13253256634086
8649.679187756932;-0.03285554749484181;-20.65682459455431;-84.13156545972589
8709.635899560806;-0.03841739320356157;-20.71567922169407;-84.20043571495103
8770.008211436347;-0.04519493096418901;-20.77114062346467;-84.24198918618958
8830.799004185626;-0.03519858369026026;-20.83669523514789;-84.24722781424742
8892.011178579483;-0.03251025338421301;-20.89421413241595;-84.2892679521195
8953.647655495937;-0.03206017819093607;-20.94753163711101;-84.31609259257867
9015.711376059569;-0.03153926023189035;-21.01642680164581;-84.32889543951478
9078.205301781856;-0.03510397467633362;-21.06733959414317;-84.39928805473411
9141.132414702503;-0.0441985716694275;-21.12839746939819;-84.40064795562893
9204.495717531712;-0.0370728241248749;-21.18944014092369;-84.49055826756006
9268.298233793492;-0.03240862898446224;-21.2478336990605;-84.49946980664794
9332.543007969911;-0.03138638307811339;-21.3108313600947;-84.53311941125145
9397.233105646377;-0.03064211663328387;-21.36704624949473;-84.60594392244954
9462.37161365793;-0.03191852866349501;-21.42536723515554;-84.6172644724511
9527.961640236519;-0.03509788747348357;-21.48572451726021;-84.6121065652552
9594.006315159331;-0.04633959804200143;-21.54774498013126;-84.66812641696202
9660.508789898133;-0.03478966753191222;-21.60541260451129;-84.67890687624786
9727.472237769651;-0.03059227687230632;-21.66721280106885;-84.76538631643604
9794.899854086989;-0.03095683052746253;-21.72223256157032;-84.78451301794604
9862.794856312104;-0.03048197402295153;-21.78188367514041;-84.77637446225543
9931.160484209338;-0.03023566087559433;-21.83886838995383;-84.79937965976022
10000;-0.03472856071793529;-21.89613305217676;-84.85650209792595
